-- WLOCHY
INSERT INTO KRAJ(ID, NAZWA)
VALUES (001, 'WLOCHY');


INSERT INTO MIASTO(ID, NAZWA, KRAJ_ID)
VALUES (1, 'RZYM', 1);

INSERT INTO MIASTO(ID, NAZWA, KRAJ_ID)
VALUES (2, 'MILAN', 1);

INSERT INTO MIASTO(ID, NAZWA, KRAJ_ID)
VALUES (3, 'FLORENCJA', 1);

INSERT INTO MIASTO(ID, NAZWA, KRAJ_ID)
VALUES (4, 'WENECJA', 1);


-- NIEMCY

INSERT INTO KRAJ(ID, NAZWA)
VALUES (002, 'NIEMCY');


INSERT INTO MIASTO(ID, NAZWA, KRAJ_ID)
VALUES (9, 'BERLIN', 2);

INSERT INTO MIASTO(ID, NAZWA, KRAJ_ID)
VALUES (10, 'STUTTGART', 2);

INSERT INTO MIASTO(ID, NAZWA, KRAJ_ID)
VALUES (11, 'MUNCHEN', 2);



-- POLSKA

INSERT INTO KRAJ(ID, NAZWA)
VALUES (003, 'POLSKA');


INSERT INTO MIASTO(ID, NAZWA, KRAJ_ID)
VALUES (5, 'WARSZAWA', 3);

INSERT INTO MIASTO(ID, NAZWA, KRAJ_ID)
VALUES (6, 'KRAKOW', 3);

INSERT INTO MIASTO(ID, NAZWA, KRAJ_ID)
VALUES (7, 'GDANSK', 3);

INSERT INTO MIASTO(ID, NAZWA, KRAJ_ID)
VALUES (8, 'WROCLAW', 3);






-- ADRESY

INSERT INTO ADRES(ID, ULICA, MIASTO_ID, NRDOMU, NRMIESZKANIA)
VALUES (1, 'VIA PAOLA', 1, 64, 10);

INSERT INTO ADRES(ID, ULICA, MIASTO_ID, NRDOMU, NRMIESZKANIA)
VALUES (2, 'VIA MERULANA', 1, 106, NULL);

INSERT INTO ADRES(ID, ULICA, MIASTO_ID, NRDOMU, NRMIESZKANIA)
VALUES (3, 'VIA KALIFORNIA', 2, 1, 9);

INSERT INTO ADRES(ID, ULICA, MIASTO_ID, NRDOMU, NRMIESZKANIA)
VALUES (4, 'VIALE XI AGOSTO', 3, 51, 1);

INSERT INTO ADRES(ID, ULICA, MIASTO_ID, NRDOMU, NRMIESZKANIA)
VALUES (5, 'VIA FRATELLI BANDIERA', 4, 18, NULL);


INSERT INTO ADRES(ID, ULICA, MIASTO_ID, NRDOMU, NRMIESZKANIA)
VALUES (6, 'FUGGERSTRASE', 9, 14, NULL);
INSERT INTO ADRES(ID, ULICA, MIASTO_ID, NRDOMU, NRMIESZKANIA)
VALUES (7, 'UNTER DEN LINDEN', 9, 30, 2);
INSERT INTO ADRES(ID, ULICA, MIASTO_ID, NRDOMU, NRMIESZKANIA)
VALUES (8, 'KURFURSTENDAMM', 9, 92, 11);

INSERT INTO ADRES(ID, ULICA, MIASTO_ID, NRDOMU, NRMIESZKANIA)
VALUES (9, 'KONIGSTRASE', 10, 100, 16);
INSERT INTO ADRES(ID, ULICA, MIASTO_ID, NRDOMU, NRMIESZKANIA)
VALUES (10, 'THEODOR-HEUSS-STRASE', 10, 71, NULL);
INSERT INTO ADRES(ID, ULICA, MIASTO_ID, NRDOMU, NRMIESZKANIA)
VALUES (11, 'CALWER STRASE', 10, 9, 5);

INSERT INTO ADRES(ID, ULICA, MIASTO_ID, NRDOMU, NRMIESZKANIA)
VALUES (12, 'MAXIMILLANSTRASE', 11, 39, -1);
INSERT INTO ADRES(ID, ULICA, MIASTO_ID, NRDOMU, NRMIESZKANIA)
VALUES (13, 'LEOPOLDSTRASE', 11, 18, NULL);
INSERT INTO ADRES(ID, ULICA, MIASTO_ID, NRDOMU, NRMIESZKANIA)
VALUES (14, 'KAUFINGERSTRASE', 11, 12, NULL);


INSERT INTO ADRES(ID, ULICA, MIASTO_ID, NRDOMU, NRMIESZKANIA)
VALUES (15, 'ALEJA JEROZOLIMSKIE', 5, 123, 29);
INSERT INTO ADRES(ID, ULICA, MIASTO_ID, NRDOMU, NRMIESZKANIA)
VALUES (16, 'PROSTA', 5, 1, NULL);
INSERT INTO ADRES(ID, ULICA, MIASTO_ID, NRDOMU, NRMIESZKANIA)
VALUES (17, 'ALEJA SOLIDARNOSCI', 5, 117, 8);


INSERT INTO ADRES(ID, ULICA, MIASTO_ID, NRDOMU, NRMIESZKANIA)
VALUES (18, 'ALEJA KIJOWSKA', 6, 39, 1);
INSERT INTO ADRES(ID, ULICA, MIASTO_ID, NRDOMU, NRMIESZKANIA)
VALUES (19, 'JOZEFA DIETLA', 6, 15, 15);
INSERT INTO ADRES(ID, ULICA, MIASTO_ID, NRDOMU, NRMIESZKANIA)
VALUES (20, 'PAULINSKA', 6, 11, NULL);


INSERT INTO ADRES(ID, ULICA, MIASTO_ID, NRDOMU, NRMIESZKANIA)
VALUES (21, 'TADEUSZA KOSCIUSZKI', 7, 12, 2);
INSERT INTO ADRES(ID, ULICA, MIASTO_ID, NRDOMU, NRMIESZKANIA)
VALUES (22, 'ALEJA GENERALA JUZEFA HALLERA', 7, 101, 7);
INSERT INTO ADRES(ID, ULICA, MIASTO_ID, NRDOMU, NRMIESZKANIA)
VALUES (23, 'HYNKA', 7, 71, 11);


INSERT INTO ADRES(ID, ULICA, MIASTO_ID, NRDOMU, NRMIESZKANIA)
VALUES (24, 'GRABISZYNSKA', 8, 18, NULL);
INSERT INTO ADRES(ID, ULICA, MIASTO_ID, NRDOMU, NRMIESZKANIA)
VALUES (25, 'OWSIANA', 8, 71, 46);
INSERT INTO ADRES(ID, ULICA, MIASTO_ID, NRDOMU, NRMIESZKANIA)
VALUES (26, 'STALOWA', 8, 51, 1);





-- WLASCICIEL KONTA

INSERT INTO WLASCICIEL_KONTA(ID, ADRES_KORESPONDENCJI)
VALUES (1, 15);
INSERT INTO WLASCICIEL_KONTA(ID, ADRES_KORESPONDENCJI)
VALUES (2, 17);
INSERT INTO WLASCICIEL_KONTA(ID, ADRES_KORESPONDENCJI)
VALUES (3, 18);
INSERT INTO WLASCICIEL_KONTA(ID, ADRES_KORESPONDENCJI)
VALUES (4, 20);
INSERT INTO WLASCICIEL_KONTA(ID, ADRES_KORESPONDENCJI)
VALUES (5, 21);
INSERT INTO WLASCICIEL_KONTA(ID, ADRES_KORESPONDENCJI)
VALUES (6, 23);
INSERT INTO WLASCICIEL_KONTA(ID, ADRES_KORESPONDENCJI)
VALUES (7, 25);
INSERT INTO WLASCICIEL_KONTA(ID, ADRES_KORESPONDENCJI)
VALUES (8, 1);
INSERT INTO WLASCICIEL_KONTA(ID, ADRES_KORESPONDENCJI)
VALUES (9, 4);
INSERT INTO WLASCICIEL_KONTA(ID, ADRES_KORESPONDENCJI)
VALUES (10, 5);
INSERT INTO WLASCICIEL_KONTA(ID, ADRES_KORESPONDENCJI)
VALUES (11, 7);
INSERT INTO WLASCICIEL_KONTA(ID, ADRES_KORESPONDENCJI)
VALUES (12, 8);
INSERT INTO WLASCICIEL_KONTA(ID, ADRES_KORESPONDENCJI)
VALUES (13, 10);
INSERT INTO WLASCICIEL_KONTA(ID, ADRES_KORESPONDENCJI)
VALUES (14, 26);
INSERT INTO WLASCICIEL_KONTA(ID, ADRES_KORESPONDENCJI)
VALUES (15, 25);
INSERT INTO WLASCICIEL_KONTA(ID, ADRES_KORESPONDENCJI)
VALUES (16, 19);
INSERT INTO WLASCICIEL_KONTA(ID, ADRES_KORESPONDENCJI)
VALUES (17, 14);
INSERT INTO WLASCICIEL_KONTA(ID, ADRES_KORESPONDENCJI)
VALUES (18, 1);
INSERT INTO WLASCICIEL_KONTA(ID, ADRES_KORESPONDENCJI)
VALUES (19, 11);




-- TYP UBIEZPIECZENIA
INSERT INTO TYP_UBEZPIECZENIA(ID, NAZWA)
VALUES (1, 'NA WAKACJE');
INSERT INTO TYP_UBEZPIECZENIA(ID, NAZWA)
VALUES (2, 'NA SAMOCHOD');
INSERT INTO TYP_UBEZPIECZENIA(ID, NAZWA)
VALUES (3, 'NA MIESZKANIE');
INSERT INTO TYP_UBEZPIECZENIA(ID, NAZWA)
VALUES (4, 'NA FIRME');



-- OPERACJA
INSERT INTO OPERACJA(ID, NAZWA)
VALUES (1, 'PRZELEW');
INSERT INTO OPERACJA(ID, NAZWA)
VALUES (2, 'WPLATA');
INSERT INTO OPERACJA(ID, NAZWA)
VALUES (3, 'WYPLATA');




-- STATUS OPERACJI
INSERT INTO STATUS_OPERACJI(ID, NAZWA)
VALUES (1, 'ZAKONCZONA');
INSERT INTO STATUS_OPERACJI(ID, NAZWA)
VALUES (2, 'ODMOWA');
INSERT INTO STATUS_OPERACJI(ID, NAZWA)
VALUES (3, 'W TRAKCIE REALIZACJI');




-- WALUTA
INSERT INTO WALUTA(ID, NAZWA)
VALUES (1, 'EUR');
INSERT INTO WALUTA(ID, NAZWA)
VALUES (2, 'USD');
INSERT INTO WALUTA(ID, NAZWA)
VALUES (3, 'PLN');




-- TYP KONTA
INSERT INTO TYP_KONTA(ID, NAZWA, OPROCENTOWANIE)
VALUES (1, 'KONTO DLA MLODYCH', 0);
INSERT INTO TYP_KONTA(ID, NAZWA, OPROCENTOWANIE)
VALUES (2, 'KONTO DLA FIRM', 5);
INSERT INTO TYP_KONTA(ID, NAZWA, OPROCENTOWANIE)
VALUES (3, 'ZWYKLE', 2);




-- OSOBA

--POLSKA
INSERT INTO OSOBA(WLASCICIEL_KONTA_ID, IMIE, NAZWISKO, NR_DOKUMENTU, PESEL, NR_TELEFONU, ADRESMAIL, ADRESZAMIESZKANIA_ID)
VALUES (1, 'JAN', 'KOWALSKI', 'AA1234567', '44051401359', '+48 123 456 789', 'jan.kowalski@example.com', 15);

INSERT INTO OSOBA(WLASCICIEL_KONTA_ID, IMIE, NAZWISKO, NR_DOKUMENTU, PESEL, NR_TELEFONU, ADRESMAIL, ADRESZAMIESZKANIA_ID)
VALUES (2, 'ANNA', 'NOWAK', 'BB2345678', '83010412345', '+48 234 567 890', 'anna.nowak@example.com', 16);

INSERT INTO OSOBA(WLASCICIEL_KONTA_ID, IMIE, NAZWISKO, NR_DOKUMENTU, PESEL, NR_TELEFONU, ADRESMAIL, ADRESZAMIESZKANIA_ID)
VALUES (3, 'PIOTR', 'WISNIEWSKI', 'CC3456789', '92020345678', '+48 345 678 901', 'piotr.wisniewski@example.com', 18);

INSERT INTO OSOBA(WLASCICIEL_KONTA_ID, IMIE, NAZWISKO, NR_DOKUMENTU, PESEL, NR_TELEFONU, ADRESMAIL, ADRESZAMIESZKANIA_ID)
VALUES (4, 'KATARZYNA', 'WOJCIK', 'DD4567890', '50050778901', '+48 456 789 012', 'katarzyna.wojcik@example.com', 19);

INSERT INTO OSOBA(WLASCICIEL_KONTA_ID, IMIE, NAZWISKO, NR_DOKUMENTU, PESEL, NR_TELEFONU, ADRESMAIL, ADRESZAMIESZKANIA_ID)
VALUES (5, 'TOMASZ', 'KOWALCZYK', 'EE5678901', '61101398765', '+48 567 890 123', 'tomasz.kowalczyk@example.com', 21);

INSERT INTO OSOBA(WLASCICIEL_KONTA_ID, IMIE, NAZWISKO, NR_DOKUMENTU, PESEL, NR_TELEFONU, ADRESMAIL, ADRESZAMIESZKANIA_ID)
VALUES (6, 'MAGDALENA', 'KAMINSKA', 'FF6789012', '70020432109', '+48 678 901 234', 'magdalena.kaminska@example.com', 22);

INSERT INTO OSOBA(WLASCICIEL_KONTA_ID, IMIE, NAZWISKO, NR_DOKUMENTU, PESEL, NR_TELEFONU, ADRESMAIL, ADRESZAMIESZKANIA_ID)
VALUES (7, 'MARCIN', 'ZIELINSKI', 'GG7890123', '82031654321', '+48 789 012 345', 'marcin.zielinski@example.com', 24);


-- WLOCHY
INSERT INTO OSOBA(WLASCICIEL_KONTA_ID, IMIE, NAZWISKO, NR_DOKUMENTU, PESEL, NR_TELEFONU, ADRESMAIL, ADRESZAMIESZKANIA_ID)
VALUES (8, 'GIOVANNI', 'ROSSI', 'YA1234567', NULL, '+39 331 234 5678', 'giovanni.rossi@example.com', 2);

INSERT INTO OSOBA(WLASCICIEL_KONTA_ID, IMIE, NAZWISKO, NR_DOKUMENTU, PESEL, NR_TELEFONU, ADRESMAIL, ADRESZAMIESZKANIA_ID)
VALUES (9, 'MARCO', 'KONTI', 'YC3456789', NULL, '+39 349 456 7890', 'marco.conti@example.com', 3);

INSERT INTO OSOBA(WLASCICIEL_KONTA_ID, IMIE, NAZWISKO, NR_DOKUMENTU, PESEL, NR_TELEFONU, ADRESMAIL, ADRESZAMIESZKANIA_ID)
VALUES (10, 'SOFIA', 'BIANCHI', 'YB2345678', NULL, '+39 347 345 6789', 'sofia.bianchi@example.com', 5);


-- NIEMCY
INSERT INTO OSOBA(WLASCICIEL_KONTA_ID, IMIE, NAZWISKO, NR_DOKUMENTU, PESEL, NR_TELEFONU, ADRESMAIL, ADRESZAMIESZKANIA_ID)
VALUES (11, 'LARS', 'SCHNEIDER', 'C12345678', '09947561346', '+49 151 23456789', 'lars.schneider@example.de', 6);

INSERT INTO OSOBA(WLASCICIEL_KONTA_ID, IMIE, NAZWISKO, NR_DOKUMENTU, PESEL, NR_TELEFONU, ADRESMAIL, ADRESZAMIESZKANIA_ID)
VALUES (12, 'MARIA', 'WAGNER', 'D23456789', NULL, '+49 172 34567890', 'maria.wagner@example.de', 8);

INSERT INTO OSOBA(WLASCICIEL_KONTA_ID, IMIE, NAZWISKO, NR_DOKUMENTU, PESEL, NR_TELEFONU, ADRESMAIL, ADRESZAMIESZKANIA_ID)
VALUES (13, 'THOMAS', 'BECKER', 'E34567890', NULL, '+49 176 45678901', 'thomas.becker@example.de', 9);



-- FIRMA
INSERT INTO FIRMA(WLASCICIEL_KONTA_ID, NAZWA)
VALUES (14, 'Polskie Zakłady Energetyczne S.A.');

INSERT INTO FIRMA(WLASCICIEL_KONTA_ID, NAZWA)
VALUES (15, 'Wrocławskie Zakłady Mleczarskie Sp. z o.o.');

INSERT INTO FIRMA(WLASCICIEL_KONTA_ID, NAZWA)
VALUES (16, 'Krakowskie Przedsiębiorstwo Budowlane S.A.');

INSERT INTO FIRMA(WLASCICIEL_KONTA_ID, NAZWA)
VALUES (17, 'Siemens AG');

INSERT INTO FIRMA(WLASCICIEL_KONTA_ID, NAZWA)
VALUES (18, 'Ferrari S.p.A');

-- USUWAMY
INSERT INTO OSOBA (WLASCICIEL_KONTA_ID, IMIE, NAZWISKO, NR_DOKUMENTU, PESEL, NR_TELEFONU, ADRESMAIL, ADRESZAMIESZKANIA_ID)
VALUES (19, 'NIEMA', 'TU', 'AA123701', '17856391496', '+48 123 456 789', 'niema_tu@example.com', 11);






-- KONTO

-- OSOBY
INSERT INTO KONTO(ID, NRKONTA, WALUTA_ID, IBAN, NAZWARACHUNKU, BALANS, DATA_AKTYWOWANIA, DATA_UTWORZENIA, TYPKONTA_ID) -- 1
VALUES (1, 12345678, 3, 'DE89 3704 0044 0532 0130 00', 'KONTO JANA', 2500, '2023-01-11', '2023-01-11', 3);

INSERT INTO KONTO(ID, NRKONTA, WALUTA_ID, IBAN, NAZWARACHUNKU, BALANS, DATA_AKTYWOWANIA, DATA_UTWORZENIA, TYPKONTA_ID) -- 2
VALUES (2, 23456789, 3, 'DE44 1002 0500 0001 2356 78', 'ANNA NOWAK', 4000, '2023-06-18', '2023-06-19', 3);

INSERT INTO KONTO(ID, NRKONTA, WALUTA_ID, IBAN, NAZWARACHUNKU, BALANS, DATA_AKTYWOWANIA, DATA_UTWORZENIA, TYPKONTA_ID)  -- 3 I 4
VALUES (3, 34567890, 3, 'DE55 1203 0000 1234 5678 90', 'PIOTR I KATARZYNA', 460, '2024-01-05', '2024-01-05', 3);

INSERT INTO KONTO(ID, NRKONTA, WALUTA_ID, IBAN, NAZWARACHUNKU, BALANS, DATA_AKTYWOWANIA, DATA_UTWORZENIA, TYPKONTA_ID)  -- 5
VALUES (4, 45678901, 3, 'DE66 2004 0000 0456 7890 12', 'KONTO TOMASZA', 1780, '2023-11-25', '2023-11-23', 3);

INSERT INTO KONTO(ID, NRKONTA, WALUTA_ID, IBAN, NAZWARACHUNKU, BALANS, DATA_AKTYWOWANIA, DATA_UTWORZENIA, TYPKONTA_ID)  -- 6
VALUES (5, 56789012, 3, 'DE77 3006 0600 0578 9012 34', 'MAGKAMIN', 11000, '2023-12-07', '2023-12-07', 1);

INSERT INTO KONTO(ID, NRKONTA, WALUTA_ID, IBAN, NAZWARACHUNKU, BALANS, DATA_AKTYWOWANIA, DATA_UTWORZENIA, TYPKONTA_ID)  -- 7
VALUES (6, 67890123, 3, 'DE88 4008 0040 0678 9012 56', 'MARCIN ZIEL', 1000, '2024-05-21', '2024-05-20', 1);

INSERT INTO KONTO(ID, NRKONTA, WALUTA_ID, IBAN, NAZWARACHUNKU, BALANS, DATA_AKTYWOWANIA, DATA_UTWORZENIA, TYPKONTA_ID)  -- 8
VALUES (7, 78901234, 1, 'DE99 5001 0517 0789 0123 45', 'BELISSIMO', 2500, '2024-05-21', '2024-05-21', 3);

INSERT INTO KONTO(ID, NRKONTA, WALUTA_ID, IBAN, NAZWARACHUNKU, BALANS, DATA_AKTYWOWANIA, DATA_UTWORZENIA, TYPKONTA_ID)  -- 9 I 10
VALUES (8, 89012345, 1, 'DE11 6002 0700 0890 1234 56', 'MAR_KON', 3200, '2024-05-26', '2024-05-25', 3);

INSERT INTO KONTO(ID, NRKONTA, WALUTA_ID, IBAN, NAZWARACHUNKU, BALANS, DATA_AKTYWOWANIA, DATA_UTWORZENIA, TYPKONTA_ID)  -- 11
VALUES (9, 90123456, 1, 'DE22 7002 2200 0901 2345 67', 'LARS', 6000, '2024-05-28', '2024-05-28', 3);

INSERT INTO KONTO(ID, NRKONTA, WALUTA_ID, IBAN, NAZWARACHUNKU, BALANS, DATA_AKTYWOWANIA, DATA_UTWORZENIA, TYPKONTA_ID)  -- 12 I 13
VALUES (10, 01234567, 1, 'DE33 8003 0000 0012 3456 78', 'MARIA_UND_THOMAS', 15000, '2024-06-03', '2024-06-03', 3);


-- FIRMY

INSERT INTO KONTO(ID, NRKONTA, WALUTA_ID, IBAN, NAZWARACHUNKU, BALANS, DATA_AKTYWOWANIA, DATA_UTWORZENIA, TYPKONTA_ID)  -- 14
VALUES (11, 12345679, 2, 'DE44 9004 0000 0123 4567 89', 'POL_ZAKL_EN', 25000, '2024-04-16', '2024-04-15', 2);

INSERT INTO KONTO(ID, NRKONTA, WALUTA_ID, IBAN, NAZWARACHUNKU, BALANS, DATA_AKTYWOWANIA, DATA_UTWORZENIA, TYPKONTA_ID)  -- 15
VALUES (12, 23456780, 2, 'DE55 1005 0000 0234 5678 90', 'MLECZARSKIE', 1250, '2024-04-18', '2024-04-18', 2);

INSERT INTO KONTO(ID, NRKONTA, WALUTA_ID, IBAN, NAZWARACHUNKU, BALANS, DATA_AKTYWOWANIA, DATA_UTWORZENIA, TYPKONTA_ID)  -- 16
VALUES (13, 34567891, 2, 'DE66 2006 0600 0345 6789 12', 'KRAK_BUD', 1850, '2024-04-20', '2024-04-20', 2);

INSERT INTO KONTO(ID, NRKONTA, WALUTA_ID, IBAN, NAZWARACHUNKU, BALANS, DATA_AKTYWOWANIA, DATA_UTWORZENIA, TYPKONTA_ID)  -- 17
VALUES (14, 45678902, 1, 'DE77 3007 0700 0456 7890 23', 'SIEMENS', 7750, '2024-02-09', '2024-02-08', 2);

INSERT INTO KONTO(ID, NRKONTA, WALUTA_ID, IBAN, NAZWARACHUNKU, BALANS, DATA_AKTYWOWANIA, DATA_UTWORZENIA, TYPKONTA_ID)  -- 18
VALUES (15, 56789013, 1, 'DE88 4008 0800 0567 8901 34', 'FERRARI', 4850, '2024-02-10', '2024-02-10', 2);

INSERT INTO Konto(ID, NrKonta, Waluta_ID, IBAN, NazwaRachunku, Balans, Data_Aktywowania, Data_Utworzenia, TypKonta_ID)
VALUES (16, '73055509740000078954796648', 1, 'PL73055509740000078954796648', 'FERRARI 2', 10000, '2024-05-16', '2024-05-17', 2);

INSERT INTO Konto(ID, NrKonta, Waluta_ID, IBAN, NazwaRachunku, Balans, Data_Aktywowania, Data_Utworzenia, TypKonta_ID)
VALUES (17, '74055509750000078954796649', 1, 'PL74055509750000078954796649', 'FERRARI 3', 85000, '2024-09-11', '2024-09-17', 2);

INSERT INTO Konto(ID, NrKonta, Waluta_ID, IBAN, NazwaRachunku, Balans, Data_Aktywowania, Data_Utworzenia, TypKonta_ID)
VALUES (18, '75055509760000078954796650', 1, 'PL75055509760000078954796650', 'FERRARI 4', 19000, '2024-10-16', '2024-10-17', 2);

INSERT INTO Konto(ID, NrKonta, Waluta_ID, IBAN, NazwaRachunku, Balans, Data_Aktywowania, Data_Utworzenia, TypKonta_ID)
VALUES (19, '76055509770000078954796651', 1, 'PL76055509770000078954796651', 'FERRARI 5', 9160, '2024-11-01', '2024-11-01', 2);



-- WLASCICIEL_KONTO
INSERT INTO WLASCICEL_KONTO(KONTO_ID, WLASCICIEL_KONTA_ID)
VALUES (1, 1);
INSERT INTO WLASCICEL_KONTO(KONTO_ID, WLASCICIEL_KONTA_ID)
VALUES (2, 2);
INSERT INTO WLASCICEL_KONTO(KONTO_ID, WLASCICIEL_KONTA_ID)
VALUES (3, 3);
INSERT INTO WLASCICEL_KONTO(KONTO_ID, WLASCICIEL_KONTA_ID)
VALUES (3, 4);
INSERT INTO WLASCICEL_KONTO(KONTO_ID, WLASCICIEL_KONTA_ID)
VALUES (4, 5);
INSERT INTO WLASCICEL_KONTO(KONTO_ID, WLASCICIEL_KONTA_ID)
VALUES (5, 6);
INSERT INTO WLASCICEL_KONTO(KONTO_ID, WLASCICIEL_KONTA_ID)
VALUES (6, 7);
INSERT INTO WLASCICEL_KONTO(KONTO_ID, WLASCICIEL_KONTA_ID)
VALUES (7, 8);
INSERT INTO WLASCICEL_KONTO(KONTO_ID, WLASCICIEL_KONTA_ID)
VALUES (8, 9);
INSERT INTO WLASCICEL_KONTO(KONTO_ID, WLASCICIEL_KONTA_ID)
VALUES (8, 10);
INSERT INTO WLASCICEL_KONTO(KONTO_ID, WLASCICIEL_KONTA_ID)
VALUES (9, 11);
INSERT INTO WLASCICEL_KONTO(KONTO_ID, WLASCICIEL_KONTA_ID)
VALUES (10, 12);
INSERT INTO WLASCICEL_KONTO(KONTO_ID, WLASCICIEL_KONTA_ID)
VALUES (10, 13);
INSERT INTO WLASCICEL_KONTO(KONTO_ID, WLASCICIEL_KONTA_ID)
VALUES (11, 14);
INSERT INTO WLASCICEL_KONTO(KONTO_ID, WLASCICIEL_KONTA_ID)
VALUES (12, 15);
INSERT INTO WLASCICEL_KONTO(KONTO_ID, WLASCICIEL_KONTA_ID)
VALUES (13, 16);
INSERT INTO WLASCICEL_KONTO(KONTO_ID, WLASCICIEL_KONTA_ID)
VALUES (14, 17);
INSERT INTO WLASCICEL_KONTO(KONTO_ID, WLASCICIEL_KONTA_ID)
VALUES (15, 18);
INSERT INTO Wlascicel_Konto(Wlasciciel_Konta_ID, Konto_ID) 
VALUES (18, 16);
INSERT INTO Wlascicel_Konto(Wlasciciel_Konta_ID, Konto_ID) 
VALUES (18, 17);
INSERT INTO Wlascicel_Konto(Wlasciciel_Konta_ID, Konto_ID) 
VALUES (18, 18);
INSERT INTO Wlascicel_Konto(Wlasciciel_Konta_ID, Konto_ID) 
VALUES (18, 19);





-- UBEZPIECZENIE
INSERT INTO UBEZPIECZENIE(ID, KONTO_ID, UBEZPIECZENIE_ID, KWOTA, DATASTART, DATAKONIEC)
VALUES (1, 3, 3, 25000, '2024-01-10', '2025-01-10');
INSERT INTO UBEZPIECZENIE (ID, KONTO_ID, UBEZPIECZENIE_ID, KWOTA, DATASTART, DATAKONIEC)
VALUES (6, 3, 1, 2500, '2024-06-10', '2024-07-10');
INSERT INTO UBEZPIECZENIE(ID, KONTO_ID, UBEZPIECZENIE_ID, KWOTA, DATASTART, DATAKONIEC)
VALUES (2, 4, 2, 50000, '2023-11-30', '2024-05-30');
INSERT INTO UBEZPIECZENIE(ID, KONTO_ID, UBEZPIECZENIE_ID, KWOTA, DATASTART, DATAKONIEC)
VALUES (3, 10, 1, 10000, '2024-06-05', '2024-07-05');
INSERT INTO UBEZPIECZENIE(ID, KONTO_ID, UBEZPIECZENIE_ID, KWOTA, DATASTART, DATAKONIEC)
VALUES (4, 15, 4, 125000, '2024-02-09', '2026-02-08');
INSERT INTO UBEZPIECZENIE(ID, KONTO_ID, UBEZPIECZENIE_ID, KWOTA, DATASTART, DATAKONIEC)
VALUES (5, 11, 3, 85000, '2024-04-20', '2025-04-20');





-- TRANSAKCJA
INSERT INTO TRANSAKCJA(ID, KONTO_ID, OPERACJA_ID, NRKONTA, ADRES_ID, KWOTA, CZAS, STATUS_OPERACJI_ID)
VALUES (1, 1, 2, NULL, 10, 500, '2024-06-16 16:37:28', 1);

INSERT INTO TRANSAKCJA(ID, KONTO_ID, OPERACJA_ID, NRKONTA, ADRES_ID, KWOTA, CZAS, STATUS_OPERACJI_ID)
VALUES (2, 1, 1, 2, 10, 2500, '2024-06-17 10:24:01', 2);

INSERT INTO TRANSAKCJA(ID, KONTO_ID, OPERACJA_ID, NRKONTA, ADRES_ID, KWOTA, CZAS, STATUS_OPERACJI_ID)
VALUES (3, 5, 3, NULL, 2, 1000, '2024-06-04 06:02:58', 1);

INSERT INTO TRANSAKCJA(ID, KONTO_ID, OPERACJA_ID, NRKONTA, ADRES_ID, KWOTA, CZAS, STATUS_OPERACJI_ID)
VALUES (4, 10, 2, NULL, 10, 700, '2024-06-10 23:21:28', 1);

INSERT INTO TRANSAKCJA(ID, KONTO_ID, OPERACJA_ID, NRKONTA, ADRES_ID, KWOTA, CZAS, STATUS_OPERACJI_ID)
VALUES (5, 15, 3, NULL, 1, 85000, '2024-06-10 12:45:13', 1);

INSERT INTO TRANSAKCJA (ID, KONTO_ID, OPERACJA_ID, NRKONTA, ADRES_ID, KWOTA, CZAS, STATUS_OPERACJI_ID)
VALUES (6, 5, 3, NULL, 2, 100, '2024-06-04', 1);





-- PRZELEW
INSERT INTO PRZELEW(ID, KONTOSKAD_ID, KONTODOKAD_ID, KWOTA, CZAS, STATUS_OPERACJI_ID)
VALUES (1, 2, 5, 250, '2024-06-29', 1);

INSERT INTO PRZELEW(ID, KONTOSKAD_ID, KONTODOKAD_ID, KWOTA, CZAS, STATUS_OPERACJI_ID)
VALUES (2, 2, 5, 1370, '2024-06-30', 2);

INSERT INTO PRZELEW(ID, KONTOSKAD_ID, KONTODOKAD_ID, KWOTA, CZAS, STATUS_OPERACJI_ID)
VALUES (3, 6, 3, 25, '2024-05-16', 1);

INSERT INTO PRZELEW(ID, KONTOSKAD_ID, KONTODOKAD_ID, KWOTA, CZAS, STATUS_OPERACJI_ID)
VALUES (4, 7, 8, 2500, '2024-06-18', 3);

INSERT INTO PRZELEW(ID, KONTOSKAD_ID, KONTODOKAD_ID, KWOTA, CZAS, STATUS_OPERACJI_ID)
VALUES (5, 11, 15, 15000, '2024-06-19', 3);




-- BANK_GEN
INSERT INTO BANK_GEN(NR_ROZLICZENIOWY, KOD_KRAJU, OSTATNI_ID_KLIENTA, OSTATNI_NR_ID_KLIENTA) 
VALUES ('0555', 'PL', '0974', '0000078954796648');